location,avg_temperature,avg_humidity
BuildingB_Floor2,25.139837396823292,55.661382140182866
BuildingB_Floor1,24.90172933277331,53.91406027715009
BuildingA_Floor2,24.85120836098989,53.526166661580405
BuildingA_Floor1,24.442500022149854,53.741572510811594
