sensor_id,avg_temp,rank_temp
1028,29.852499961853027,1
1097,29.12124991416931,2
1073,28.30800018310547,3
1066,28.121428898402623,4
1088,28.102727369828656,5
